Parameter,Hypoxic_median,Normal_median,Ratio,p_value,Significant
pH,6.875,8.137,0.8449059850067592,0.1373218957209548,False
TDS,548.0,538.0,1.0185873605947955,0.627259346382605,False
Turbidity,73.0,117.35,0.622070728589689,0.6620330067140392,False
Hardness,197.9,221.5,0.8934537246049662,0.7491251496243427,False
Nitrate,2.0,3.1,0.6451612903225806,0.44006336821775793,False
