Metal,Hypoxic_n,Hypoxic_median,Hypoxic_mean,Normal_n,Normal_median,Normal_mean,Ratio,p_value,Significant
Arsenic,3,10.0,940.0,162,18.0,113.95679012345678,0.5555555555555556,0.9269356788657487,False
Cadmium,3,5.0,112.0,162,5.0,77.97475308641975,1.0,0.6507356578766763,False
Lead,3,1337.0,1402.0,162,10.5,151.2314814814815,127.33333333333333,0.2690886025804935,False
Zinc,3,66.0,14884.0,162,396.5,2354.3888888888887,0.1664564943253468,0.9902490165640024,False
Iron,3,183.0,135505.83333333334,162,6459.0,56508.17283950617,0.02833255921969345,0.42437552087299646,False
Manganese,3,10.0,2950.8333333333335,162,698.5,2693.64987654321,0.014316392269148175,0.30272219104649656,False
Copper,3,25.0,958.6666666666666,162,72.0,1522.70987654321,0.3472222222222222,0.9415869763601448,False
